<?xml version="1.0" encoding="UTF-8"?>
<?xml-stylesheet type="text/xsl" href="widget.xsl"?>
<!-- - - - passwordfield - - - -->
<widget class="passwordfield" title="PasswordField">
	<p>PasswordField is similar to TextField component,
		but does not show the original characters.</p>
	<xul><![CDATA[<passwordfield text="secret value" />]]></xul>
	<parameters>
		<parameter extend="textfield">
			text, columns, editable, start, end, and action parameters are
			similar to textfield
		</parameter>
		<parameter extend="component">
			name, enabled, visible, tooltip, property, width, height, colspan, rowspan,
			weightx, weighty, halign, and valign parameters are similar to component
		</parameter>
	</parameters>
	<keys>
		<key extend="textfield">
		 	Right arrow, Left arrow, Ctrl-right arrow, Ctrl-left arrow, Home, End,
			Backspace, Delete, Ctrl-A, Ctrl-Slash, Ctrl-Backslash, Ctrl-V,
			and Tab actions behave similar to textfield
		</key>
		<key sequence="Ctrl-X">Doesn't cut selected text into the clipboard</key>
		<key sequence="Ctrl-C">Doesn't copy selected text into the clipboard</key>
	</keys>
</widget>
