<?xml version="1.0" encoding="UTF-8"?>
<?xml-stylesheet type="text/xsl" href="widget.xsl"?>
<!-- - - - spinbox - - - -->
<widget class="spinbox" title="SpinBox">
	<p>SpinBox is a textfield width 2 arrow buttons to change
	(increase, and decrease by 1) its integer value.</p>
	<xul><![CDATA[<spinbox text="100" />]]></xul>
	<parameters>
		<parameter name="minimum" type="integer" default="0">
			Minimum value (0 by default). It's not possible to
			set the spinbox below this value.
		</parameter>
		<parameter name="maximum" type="integer" default="100">
			Maximum value (100 by default). It's not possible to
			set the spinbox above this value.
		</parameter>
		<parameter name="step" type="integer" default="1">
			Increment step when using spinbox arrows. 1 by default.
		</parameter>
		<parameter name="value" type="integer" default="0">
			Spinbox value. 0 by default.
		</parameter>
		<parameter name="action" type="method">
			Invokes the given method when there was change in the text or a new
			value was spinned.
		</parameter>
		<parameter extend="textfield">
			text, columns, and editable parameters are described at textfield
		</parameter>
		<parameter extend="component">
			name, enabled, visible, tooltip, property, width, height, colspan, rowspan,
			weightx, weighty, halign, and valign parameters are similar to component
		</parameter>
	</parameters>
	<keys>
		<key sequence="Up arrow">Decreases the value</key>
		<key sequence="Down arrow">Increases the value</key>
		<key sequence="Tab, Shift-Tab">Navigate forward, backward</key>
	</keys>
</widget>
