<?xml version="1.0" encoding="UTF-8"?>
<?xml-stylesheet type="text/xsl" href="widget.xsl"?>
<!-- - - - textarea - - - -->
<widget class="textarea" title="TextArea">
	<p>TextArea is a multi-line area that displays plain text, optionally
		wrapped at word boundaries (whitespace),
	and internally handles scrolling.</p>
	<xul><![CDATA[<textarea columns="40" rows="2" wrap="true" text="TextArea" />]]></xul>
	<parameters>
		<parameter name="text" type="string" default="''">
			The text contained in this textarea.
		</parameter>
		<parameter name="columns" type="integer" default="0">
			The number of visible letters in a column.
		</parameter>
		<parameter name="rows" type="integer" default="0">
			The number of visible rows for this textarea.
		</parameter>
		<parameter name="editable" type="boolean" default="true">
			The specified boolean to indicate whether or not this textarea
			should be editable. A non-editable area is focusable, and selectable.
		</parameter>
		<parameter name="wrap" type="boolean" default="false">
			If set to true the lines will be wrapped at word boundaries (whitespace)
			if they are too long to fit within the allocated width.
		</parameter>
		<parameter name="border" type="boolean" default="true">
			If set to false, no border will be drawn around the
			textarea, and its background will be set to the default
			background color, to visually "blend" with its
			container. You can still override this by setting a
			custom background color.
		</parameter>
		<parameter name="start" type="integer" default="0">
			Start index of the selection.
		</parameter>
		<parameter name="end" type="integer" default="0">
			End index of the selection, same as the caret position.
		</parameter>
		<parameter name="action" type="method">
			Gives notification (invokes the given method) that there was an
			insert into the text or a portion of the text has been removed.
		</parameter>
		<parameter name="insert" type="method">
			[Pending]
		</parameter>
		<parameter name="remove" type="method">
			[Pending]
		</parameter>
		<parameter name="caret" type="method">
			[Pending]
		</parameter>
		<parameter name="perform" type="method">
			[Pending]
		</parameter>
		<parameter extend="component">
			name, enabled, visible, tooltip, property, width, height, colspan, rowspan,
			weightx, weighty, halign, and valign parameters are similar to component
		</parameter>
	</parameters>
	<keys>
		<key sequence="Home">Moves to beginning of line</key>
		<key sequence="End">Moves to end of row or line</key>
		<key sequence="Ctrl-Home">Moves to beginning of data</key>
		<key sequence="Ctrl-End">Moves to end of data</key>
		<key sequence="Up arrow">Moves insertion point up one line</key>
		<key sequence="Down arrow">Moves insertion point down one line</key>
		<key sequence="Page Up">Moves up one view</key>
		<key sequence="Page Down">Moves down one view</key>
		
		<key sequence="Right arrow">Moves insertion point one character to the right</key>
		<key sequence="Left arrow">Moves insertion point one character to the left</key>
		<key sequence="Ctrl-right arrow">Moves insertion point to beginning of next word</key>
		<key sequence="Ctrl-left arrow">Moves insertion point to beginning of previous word</key>
		<key sequence="+Shift">Extends selection</key>

		<key sequence="Enter, Return">Inserts line-break</key>

		<key sequence="Backspace">Deletes the previous character</key>
		<key sequence="Delete">Removes the following character</key>
		<key sequence="Ctrl-A, Ctrl-Slash">Selects all</key>
		<key sequence="Ctrl-Backslash">Deselects all</key>
		<key sequence="Ctrl-X">Cuts selected text into the clipboard</key>
		<key sequence="Ctrl-C">Copies selected text into the clipboard</key>
		<key sequence="Ctrl-V">Pastes the clipboard content</key>
		
		<key sequence="Tab, Shift-Tab">Navigate forward, backward</key>
	</keys>
</widget>
