<?xml version="1.0" encoding="ISO-8859-1"?>
<panel columns="1" gap="4">
	<menubar weightx="1">
		<menu text="File" mnemonic="0">
		 <menuitem text="New" icon="/icons/new.gif" mnemonic="0" />
		 <menuitem text="Open..." icon="/icons/open.gif" />
		 <menuitem text="Save" icon="/icons/save.gif" />
		 <menuitem text="Save As..." icon="/icons/saveas.gif" />
		 <separator />
		 <menuitem text="Page Setup" icon="/icons/pagesetup.gif" />
		 <menuitem text="Print" icon="/icons/print.gif" />
		 <separator />
		 <menuitem text="Exit" />
		</menu>
		<menu text="Edit">
		 <menuitem text="Undo" icon="/icons/undo.gif" />
		 <separator />
		 <menuitem text="Cut" icon="/icons/cut.gif" />
		 <menuitem text="Copy" icon="/icons/copy.gif" />
		 <menuitem text="Paste" icon="/icons/paste.gif" />
		 <menuitem text="Delete" icon="/icons/delete.gif" />
		 <separator />
		 <menuitem text="Select All" />
		</menu>
		<menu text="Search">
		 <menuitem text="Find..." icon="/icons/find.gif" />
		 <menuitem text="Find Next" icon="/icons/findagain.gif" />
		</menu>
		<menu text="Help">
		 <menuitem text="Help Topics" icon="/icons/help.gif" />
		 <separator />
		 <menuitem text="About" icon="/icons/about.gif" />
		</menu>
	</menubar>
	<tabbedpane name="tabbedpane" selected="1" action="tabChanged" weightx="1" weighty="1">
		<tab text="Texts" />
		<panel columns="5" top="4" left="4" bottom="4" right="4" gap="4">
			<label text="Find in the text:" mnemonic="10" />
			<button name="b_finddialog" text="Search" tooltip="Search..." icon="/icons/find.gif" mnemonic="1" action="showDialog" />
			<label weightx="1" />
			<checkbox name="cb_editable" text="Editable" mnemonic="4" selected="true" action="changeEditable" />
			<checkbox name="cb_enabled" text="Enabled" selected="true" action="changeEnabled" />
			<textarea name="textarea" text="TextArea" colspan="5" weighty="1" />
		</panel>

		<tab text="Lists" mnemonic="0" />
		<panel columns="1" top="4" left="4" bottom="4" right="4" gap="4">
			<panel gap="4">
				<label text="Update list:" />
				<button icon="/icons/new.gif" tooltip="Add new item" action="insertList" />
				<button icon="/icons/delete.gif" tooltip="Delete selected items" action="deleteList" />
				<label text=" &amp; selection:" />
				<combobox name="selection" selected="2" editable="false"
						valign="center" action="setSelection">
					<choice text="single" />
					<choice text="interval" />
					<choice text="multiple" />
				</combobox>
			</panel>
			<splitpane orientation="vertical" divider="100" weightx="1" weighty="1">
				<splitpane divider="120">
					<list name="list" selection="multiple" colspan="4" weightx="1" weighty="1">
						<item text="List item A" />
						<item text="List item B" icon="/icons/bookmarks.gif" selected="true" />
						<item text="List item C" enabled="false" />
						<item text="List item D" icon="/icons/bookmarks.gif" />
						<item text="List item E" />
						<item text="List item F" />
						<item text="List item G" />
					</list>
					<tree selection="multiple">
						<node text="Tree node A" icon="/icons/open.gif">
							<node text="Tree node" icon="/icons/open.gif" selected="true">
								<node text="Tree node" icon="/icons/new.gif" />
							</node>
						</node>
						<node text="Tree node B" enabled="false" icon="/icons/new.gif" />
						<node text="Tree node C" icon="/icons/open.gif" expanded="false">
							<node text="Tree node C1" icon="/icons/new.gif" />
						</node>
					</tree>
				</splitpane>
				<table selection="multiple">
					<column text="Column" icon="/icons/bookmarks.gif" width="120" />
					<column text="Column" alignment="center" />
					<column text="Column" alignment="center" />
					<row>
						<cell text="Cell" />
						<cell text="Cell" />
						<cell text="Cell" icon="/icons/bookmarks.gif" />
					</row>
					<row selected="true">
						<cell text="Cell" icon="/icons/bookmarks.gif" />
						<cell text="Cell" />
						<cell text="Cell" />
					</row>
					<row>
						<cell text="Cell" />
						<cell text="Cell" icon="/icons/bookmarks.gif" enabled="false" />
						<cell text="Cell" />
					</row>
				</table>
			</splitpane>
		</panel>
		
		<tab text="Values" />
		<panel columns="3" top="4" left="4" gap="4">
			<label text="Red, green, and blue values" colspan="3" />
			<label text="Red:" alignment="right" />
			<slider name="sl_red" maximum="255" valign="center" action="redSlider" />
			<spinbox name="sb_red" text="0" columns="3" action="redSpinbox" />
			<label text="Green:" alignment="right" />
			<slider name="sl_green" maximum="255" valign="center" action="greenSlider" />
			<spinbox name="sb_green" text="0" columns="3" action="greenSpinbox" />
			<label text="Blue:" alignment="right" />
			<slider name="sl_blue" maximum="255" valign="center" action="blueSlider" />
			<spinbox name="sb_blue" text="0" columns="3" action="blueSpinbox" />
			 			<separator colspan="3" />
			
			<label text="Hue, saturation, and brightness values" colspan="3" />
			<label text="Hue:" alignment="right" />
			<textfield name="tf_hue" editable="false" />
			<progressbar name="pb_hue" valign="center" />
			<label text="Saturation:" alignment="right" />
			<textfield name="tf_saturation" editable="false" />
			<progressbar name="pb_saturation" valign="center" />
			<label text="Brightness:" alignment="right" />
			<textfield name="tf_brightness" editable="false" />
			<progressbar name="pb_brightness" valign="center" />
			
		</panel>
	</tabbedpane>
</panel>
